simulation_timestamp,observation_id,action_generation,heating_setpoint_c,cooling_setpoint_c,hold_minutes
1986-07-15T00:15:00.000000Z,1611,1,17.0,29.0,60
1986-07-15T01:15:00.000000Z,1615,2,17.0,29.0,60
1986-07-15T02:15:00.000000Z,1619,3,17.0,29.0,60
1986-07-15T03:15:00.000000Z,1623,4,17.0,29.0,60
1986-07-15T04:15:00.000000Z,1627,5,17.0,29.0,60
1986-07-15T05:15:00.000000Z,1631,6,17.0,29.0,60
1986-07-15T06:15:00.000000Z,1635,7,17.0,29.0,60
1986-07-15T07:15:00.000000Z,1639,8,17.0,29.0,60
1986-07-15T08:15:00.000000Z,1643,9,19.0,26.0,60
1986-07-15T09:15:00.000000Z,1647,10,19.0,25.0,60
1986-07-15T10:15:00.000000Z,1651,11,19.0,24.0,60
1986-07-15T11:15:00.000000Z,1655,12,19.0,23.0,60
1986-07-15T12:15:00.000000Z,1659,13,19.0,23.0,60
1986-07-15T13:15:00.000000Z,1663,14,19.0,23.0,60
1986-07-15T14:00:00.000000Z,1666,15,19.0,23.0,60
1986-07-15T15:00:00.000000Z,1670,16,19.0,23.0,60
1986-07-15T16:00:00.000000Z,1674,17,19.0,23.0,60
1986-07-15T17:00:00.000000Z,1678,18,19.0,23.0,60
1986-07-15T18:00:00.000000Z,1682,19,19.0,23.0,60
1986-07-15T19:00:00.000000Z,1686,20,19.0,23.0,60
1986-07-15T20:00:00.000000Z,1690,21,19.0,23.0,60
1986-07-15T21:00:00.000000Z,1694,22,19.0,23.0,60
1986-07-15T21:15:00.000000Z,1695,23,19.0,24.0,60
1986-07-15T22:15:00.000000Z,1699,24,19.0,24.0,60
1986-07-15T23:15:00.000000Z,1703,25,19.0,24.0,60
1986-07-16T00:15:00.000000Z,1707,26,19.0,24.0,60
1986-07-16T01:15:00.000000Z,1711,27,17.0,26.0,60
1986-07-16T02:15:00.000000Z,1715,28,17.0,26.0,60
1986-07-16T03:15:00.000000Z,1719,29,17.0,26.0,60
1986-07-16T04:15:00.000000Z,1723,30,17.0,26.0,60
1986-07-16T05:15:00.000000Z,1727,31,17.0,26.0,60
1986-07-16T06:15:00.000000Z,1731,32,17.0,26.0,60
1986-07-16T07:15:00.000000Z,1735,33,17.0,26.0,60
1986-07-16T08:15:00.000000Z,1739,34,19.0,25.0,60
1986-07-16T09:15:00.000000Z,1743,35,19.0,24.0,60
1986-07-16T10:15:00.000000Z,1747,36,19.0,23.0,60
1986-07-16T11:15:00.000000Z,1751,37,19.0,23.0,60
1986-07-16T12:15:00.000000Z,1755,38,19.0,23.0,60
1986-07-16T13:15:00.000000Z,1759,39,19.0,23.0,60
1986-07-16T13:30:00.000000Z,1760,40,19.0,23.0,60
1986-07-16T14:30:00.000000Z,1764,41,19.0,23.0,60
1986-07-16T15:30:00.000000Z,1768,42,19.0,23.0,60
1986-07-16T16:30:00.000000Z,1772,43,19.0,23.0,60
1986-07-16T17:30:00.000000Z,1776,44,19.0,23.0,60
1986-07-16T18:30:00.000000Z,1780,45,19.0,23.0,60
1986-07-16T19:30:00.000000Z,1784,46,19.0,23.0,60
1986-07-16T20:30:00.000000Z,1788,47,19.0,23.0,60
1986-07-16T21:15:00.000000Z,1791,48,19.0,24.0,60
1986-07-16T22:15:00.000000Z,1795,49,19.0,24.0,60
1986-07-16T23:15:00.000000Z,1799,50,19.0,24.0,60
1986-07-17T00:15:00.000000Z,1803,51,19.0,24.0,60
1986-07-17T01:15:00.000000Z,1807,52,19.0,24.0,60
1986-07-17T02:15:00.000000Z,1811,53,19.0,24.0,60
1986-07-17T03:15:00.000000Z,1815,54,17.0,26.0,60
1986-07-17T04:15:00.000000Z,1819,55,17.0,26.0,60
1986-07-17T05:15:00.000000Z,1823,56,17.0,26.0,60
1986-07-17T06:15:00.000000Z,1827,57,17.0,26.0,60
1986-07-17T07:15:00.000000Z,1831,58,17.0,26.0,60
1986-07-17T08:15:00.000000Z,1835,59,19.0,25.0,60
1986-07-17T09:15:00.000000Z,1839,60,19.0,24.0,60
1986-07-17T10:15:00.000000Z,1843,61,19.0,23.0,60
1986-07-17T11:15:00.000000Z,1847,62,19.0,23.0,60
1986-07-17T12:15:00.000000Z,1851,63,19.0,23.0,60
1986-07-17T13:15:00.000000Z,1855,64,19.0,23.0,60
1986-07-17T14:15:00.000000Z,1859,65,19.0,23.0,60
1986-07-17T15:15:00.000000Z,1863,66,19.0,23.0,60
1986-07-17T16:15:00.000000Z,1867,67,19.0,23.0,60
1986-07-17T17:15:00.000000Z,1871,68,19.0,23.0,60
1986-07-17T18:15:00.000000Z,1875,69,19.0,23.0,60
1986-07-17T19:15:00.000000Z,1879,70,19.0,23.0,60
1986-07-17T20:15:00.000000Z,1883,71,19.0,23.0,60
1986-07-17T21:15:00.000000Z,1887,72,19.0,24.0,60
1986-07-17T22:15:00.000000Z,1891,73,19.0,24.0,60
1986-07-17T23:15:00.000000Z,1895,74,19.0,24.0,60
1986-07-18T00:15:00.000000Z,1899,75,19.0,24.0,60
1986-07-18T01:15:00.000000Z,1903,76,19.0,24.0,60
1986-07-18T02:15:00.000000Z,1907,77,19.0,24.0,60
1986-07-18T03:15:00.000000Z,1911,78,17.0,26.0,60
1986-07-18T04:15:00.000000Z,1915,79,17.0,26.0,60
1986-07-18T05:15:00.000000Z,1919,80,17.0,26.0,60
1986-07-18T06:15:00.000000Z,1923,81,17.0,26.0,60
1986-07-18T07:15:00.000000Z,1927,82,17.0,26.0,60
1986-07-18T08:15:00.000000Z,1931,83,19.0,25.0,60
1986-07-18T09:15:00.000000Z,1935,84,19.0,24.0,60
1986-07-18T10:15:00.000000Z,1939,86,19.0,23.0,60
1986-07-18T11:15:00.000000Z,1943,87,19.0,24.0,60
1986-07-18T12:15:00.000000Z,1947,88,19.0,23.0,60
1986-07-18T13:15:00.000000Z,1951,89,19.0,23.0,60
1986-07-18T14:15:00.000000Z,1955,90,19.0,24.0,60
1986-07-18T15:15:00.000000Z,1959,91,19.0,23.0,60
1986-07-18T16:15:00.000000Z,1963,92,19.0,23.0,60
1986-07-18T17:15:00.000000Z,1967,93,19.0,23.0,60
1986-07-18T18:15:00.000000Z,1971,94,19.0,23.0,60
1986-07-18T19:15:00.000000Z,1975,95,19.0,23.0,60
1986-07-18T20:15:00.000000Z,1979,96,19.0,23.0,60
1986-07-18T21:15:00.000000Z,1983,97,19.0,24.0,60
1986-07-18T22:15:00.000000Z,1987,98,19.0,24.0,60
1986-07-18T23:15:00.000000Z,1991,99,19.0,24.0,60
1986-07-19T00:15:00.000000Z,1995,100,19.0,24.0,60
1986-07-19T01:15:00.000000Z,1999,101,19.0,24.0,60
1986-07-19T02:15:00.000000Z,2003,102,19.0,24.0,60
1986-07-19T03:15:00.000000Z,2007,103,17.0,26.0,60
1986-07-19T04:15:00.000000Z,2011,104,17.0,26.0,60
1986-07-19T05:15:00.000000Z,2015,105,17.0,26.0,60
1986-07-19T06:15:00.000000Z,2019,106,17.0,26.0,60
1986-07-19T07:15:00.000000Z,2023,107,17.0,26.0,60
1986-07-19T08:15:00.000000Z,2027,108,17.0,26.0,60
1986-07-19T09:15:00.000000Z,2031,109,17.0,26.0,60
1986-07-19T10:15:00.000000Z,2035,110,17.0,26.0,60
1986-07-19T11:15:00.000000Z,2039,111,17.0,26.0,60
1986-07-19T12:15:00.000000Z,2043,112,17.0,26.0,60
1986-07-19T13:15:00.000000Z,2047,113,17.0,26.0,60
1986-07-19T14:15:00.000000Z,2051,114,17.0,27.0,60
1986-07-19T15:15:00.000000Z,2055,115,17.0,27.0,60
1986-07-19T16:15:00.000000Z,2059,116,17.0,27.0,60
1986-07-19T17:15:00.000000Z,2063,117,17.0,27.0,60
1986-07-19T18:15:00.000000Z,2067,118,17.0,27.0,60
1986-07-19T19:15:00.000000Z,2071,119,17.0,27.0,60
1986-07-19T20:15:00.000000Z,2075,120,17.0,27.0,60
1986-07-19T21:15:00.000000Z,2079,121,17.0,27.0,60
1986-07-19T22:15:00.000000Z,2083,122,17.0,27.0,60
1986-07-19T23:15:00.000000Z,2087,123,17.0,27.0,60
1986-07-20T00:15:00.000000Z,2091,124,17.0,27.0,60
1986-07-20T01:15:00.000000Z,2095,125,17.0,27.0,60
1986-07-20T02:15:00.000000Z,2099,126,17.0,27.0,60
1986-07-20T03:15:00.000000Z,2103,127,17.0,27.0,60
1986-07-20T04:15:00.000000Z,2107,128,17.0,27.0,60
1986-07-20T05:15:00.000000Z,2111,129,17.0,27.0,60
1986-07-20T06:15:00.000000Z,2115,130,17.0,27.0,60
1986-07-20T07:15:00.000000Z,2119,131,17.0,27.0,60
1986-07-20T08:15:00.000000Z,2123,132,17.0,27.0,60
1986-07-20T09:15:00.000000Z,2127,133,17.0,27.0,60
1986-07-20T10:15:00.000000Z,2131,134,17.0,27.0,60
1986-07-20T11:15:00.000000Z,2135,135,17.0,27.0,60
1986-07-20T12:15:00.000000Z,2139,136,17.0,27.0,60
1986-07-20T13:15:00.000000Z,2143,137,17.0,27.0,60
1986-07-20T14:15:00.000000Z,2147,138,17.0,27.0,60
1986-07-20T15:15:00.000000Z,2151,139,17.0,27.0,60
1986-07-20T16:15:00.000000Z,2155,140,17.0,27.0,60
1986-07-20T17:15:00.000000Z,2159,141,17.0,27.0,60
1986-07-20T18:15:00.000000Z,2163,142,17.0,27.0,60
1986-07-20T19:15:00.000000Z,2167,143,17.0,27.0,60
1986-07-20T20:15:00.000000Z,2171,144,17.0,27.0,60
1986-07-20T21:15:00.000000Z,2175,145,17.0,27.0,60
1986-07-20T22:15:00.000000Z,2179,146,17.0,27.0,60
1986-07-20T23:15:00.000000Z,2183,147,17.0,27.0,60
1986-07-21T00:15:00.000000Z,2187,148,17.0,27.0,60
1986-07-21T01:15:00.000000Z,2191,149,17.0,27.0,60
1986-07-21T02:15:00.000000Z,2195,150,17.0,27.0,60
1986-07-21T03:15:00.000000Z,2199,151,17.0,27.0,60
1986-07-21T04:15:00.000000Z,2203,152,17.0,27.0,60
1986-07-21T05:15:00.000000Z,2207,153,17.0,27.0,60
1986-07-21T06:15:00.000000Z,2211,154,17.0,27.0,60
1986-07-21T07:15:00.000000Z,2215,155,17.0,27.0,60
1986-07-21T08:15:00.000000Z,2219,156,19.0,26.0,60
1986-07-21T09:15:00.000000Z,2223,157,19.0,25.0,60
1986-07-21T10:15:00.000000Z,2227,158,19.0,24.0,60
1986-07-21T11:15:00.000000Z,2231,160,19.0,23.0,60
1986-07-21T12:15:00.000000Z,2235,161,19.0,23.0,60
1986-07-21T13:15:00.000000Z,2239,162,19.0,23.0,60
1986-07-21T14:15:00.000000Z,2243,163,19.0,23.0,60
1986-07-21T15:15:00.000000Z,2247,164,19.0,23.0,60
1986-07-21T16:15:00.000000Z,2251,165,19.0,23.0,60
1986-07-21T17:15:00.000000Z,2255,166,19.0,23.0,60
1986-07-21T18:15:00.000000Z,2259,167,19.0,23.0,60
1986-07-21T19:15:00.000000Z,2263,168,19.0,23.0,60
1986-07-21T20:15:00.000000Z,2267,169,19.0,23.0,60
1986-07-21T21:15:00.000000Z,2271,170,19.0,24.0,60
1986-07-21T22:15:00.000000Z,2275,171,19.0,24.0,60
1986-07-21T23:15:00.000000Z,2279,172,17.0,26.0,60
